"team_name","game_date","season","period","minutes_remaining","seconds_remaining","shot_made_flag","action_type","shot_type","shot_distance","opponent","x","y","minute"
"Golden State Warriors","3/24/2017",2016,3,2,35,"shot_no","Alley Oop Dunk Shot","2PT Field Goal",0,"Sacramento Kings",0,1,34
"Golden State Warriors","11/3/2016",2016,2,10,51,"shot_no","Alley Oop Dunk Shot","2PT Field Goal",1,"Oklahoma City Thunder",-12,13,14
"Golden State Warriors","10/25/2016",2016,2,0,6,"shot_yes","Alley Oop Dunk Shot","2PT Field Goal",0,"San Antonio Spurs",0,1,24
"Golden State Warriors","11/3/2016",2016,2,11,10,"shot_no","Alley Oop Layup shot","2PT Field Goal",1,"Oklahoma City Thunder",-1,11,13
"Golden State Warriors","1/8/2017",2016,4,0,32,"shot_yes","Cutting Dunk Shot","2PT Field Goal",0,"Sacramento Kings",0,1,48
"Golden State Warriors","3/16/2017",2016,3,5,30,"shot_yes","Cutting Dunk Shot","2PT Field Goal",0,"Orlando Magic",0,1,31
"Golden State Warriors","1/2/2017",2016,4,7,57,"shot_yes","Cutting Dunk Shot","2PT Field Goal",0,"Denver Nuggets",0,1,41
"Golden State Warriors","12/7/2016",2016,4,9,31,"shot_yes","Cutting Dunk Shot","2PT Field Goal",0,"Los Angeles Clippers",0,1,39
"Golden State Warriors","2/28/2017",2016,2,0,23,"shot_yes","Cutting Dunk Shot","2PT Field Goal",0,"Washington Wizards",0,1,24
"Golden State Warriors","2/1/2017",2016,2,0,2,"shot_yes","Cutting Dunk Shot","2PT Field Goal",0,"Charlotte Hornets",0,1,24
"Golden State Warriors","11/25/2016",2016,1,0,44,"shot_yes","Cutting Dunk Shot","2PT Field Goal",0,"Los Angeles Lakers",0,1,12
"Golden State Warriors","2/13/2017",2016,1,0,41,"shot_yes","Cutting Dunk Shot","2PT Field Goal",0,"Denver Nuggets",0,1,12
"Golden State Warriors","12/28/2016",2016,2,3,34,"shot_yes","Cutting Dunk Shot","2PT Field Goal",0,"Toronto Raptors",0,1,21
"Golden State Warriors","3/28/2017",2016,3,5,56,"shot_yes","Cutting Dunk Shot","2PT Field Goal",0,"Houston Rockets",0,1,31
"Golden State Warriors","12/7/2016",2016,3,3,23,"shot_yes","Cutting Dunk Shot","2PT Field Goal",0,"Los Angeles Clippers",0,1,33
"Golden State Warriors","11/16/2016",2016,2,1,23,"shot_yes","Cutting Dunk Shot","2PT Field Goal",0,"Toronto Raptors",0,1,23
"Golden State Warriors","11/18/2016",2016,1,3,36,"shot_yes","Cutting Dunk Shot","2PT Field Goal",0,"Boston Celtics",0,1,9
"Golden State Warriors","2/13/2017",2016,1,1,3,"shot_yes","Cutting Dunk Shot","2PT Field Goal",0,"Denver Nuggets",0,1,11
"Golden State Warriors","2/11/2017",2016,1,0,59,"shot_yes","Cutting Dunk Shot","2PT Field Goal",0,"Oklahoma City Thunder",0,1,12
"Golden State Warriors","11/25/2016",2016,2,3,24,"shot_yes","Cutting Dunk Shot","2PT Field Goal",0,"Los Angeles Lakers",0,1,21
"Golden State Warriors","2/10/2017",2016,3,1,21,"shot_yes","Cutting Finger Roll Layup Shot","2PT Field Goal",1,"Memphis Grizzlies",10,8,35
"Golden State Warriors","1/16/2017",2016,2,5,8,"shot_yes","Cutting Finger Roll Layup Shot","2PT Field Goal",1,"Cleveland Cavaliers",-11,7,19
"Golden State Warriors","1/16/2017",2016,4,9,39,"shot_yes","Cutting Layup Shot","2PT Field Goal",0,"Cleveland Cavaliers",-1,8,39
"Golden State Warriors","1/6/2017",2016,2,2,34,"shot_no","Cutting Layup Shot","2PT Field Goal",1,"Memphis Grizzlies",10,11,22
"Golden State Warriors","2/13/2017",2016,1,2,55,"shot_yes","Cutting Layup Shot","2PT Field Goal",1,"Denver Nuggets",-14,7,10
"Golden State Warriors","3/2/2017",2016,4,0,56,"shot_yes","Driving Dunk Shot","2PT Field Goal",0,"Chicago Bulls",-2,0,48
"Golden State Warriors","3/2/2017",2016,1,2,35,"shot_yes","Driving Dunk Shot","2PT Field Goal",0,"Chicago Bulls",0,1,10
"Golden State Warriors","10/28/2016",2016,4,11,8,"shot_yes","Driving Dunk Shot","2PT Field Goal",0,"New Orleans Pelicans",0,1,37
"Golden State Warriors","12/17/2016",2016,2,0,8,"shot_yes","Driving Dunk Shot","2PT Field Goal",0,"Portland Trail Blazers",0,1,24
"Golden State Warriors","12/7/2016",2016,2,3,28,"shot_yes","Driving Dunk Shot","2PT Field Goal",0,"Los Angeles Clippers",0,1,21
"Golden State Warriors","11/28/2016",2016,1,2,29,"shot_yes","Driving Dunk Shot","2PT Field Goal",0,"Atlanta Hawks",0,1,10
"Golden State Warriors","3/26/2017",2016,1,0,45,"shot_yes","Driving Dunk Shot","2PT Field Goal",0,"Memphis Grizzlies",0,1,12
"Golden State Warriors","11/28/2016",2016,4,10,39,"shot_yes","Driving Dunk Shot","2PT Field Goal",0,"Atlanta Hawks",0,1,38
"Golden State Warriors","12/28/2016",2016,4,8,7,"shot_yes","Driving Finger Roll Layup Shot","2PT Field Goal",2,"Toronto Raptors",-6,23,40
"Golden State Warriors","3/29/2017",2016,4,2,20,"shot_no","Driving Finger Roll Layup Shot","2PT Field Goal",1,"San Antonio Spurs",9,11,46
"Golden State Warriors","2/2/2017",2016,3,0,0,"shot_yes","Driving Floating Bank Jump Shot","2PT Field Goal",7,"Los Angeles Clippers",46,62,36
"Golden State Warriors","12/23/2016",2016,2,0,49,"shot_yes","Driving Layup Shot","2PT Field Goal",1,"Detroit Pistons",-9,7,24
"Golden State Warriors","3/31/2017",2016,3,4,13,"shot_no","Driving Layup Shot","2PT Field Goal",2,"Houston Rockets",-17,21,32
"Golden State Warriors","3/18/2017",2016,1,3,45,"shot_yes","Driving Reverse Dunk Shot","2PT Field Goal",0,"Milwaukee Bucks",0,1,9
"Golden State Warriors","11/9/2016",2016,2,3,48,"shot_yes","Driving Reverse Layup Shot","2PT Field Goal",1,"Dallas Mavericks",14,2,21
"Golden State Warriors","11/1/2016",2016,1,3,11,"shot_no","Driving Reverse Layup Shot","2PT Field Goal",0,"Portland Trail Blazers",2,7,9
"Golden State Warriors","1/8/2017",2016,1,3,53,"shot_yes","Dunk Shot","2PT Field Goal",0,"Sacramento Kings",0,1,9
"Golden State Warriors","3/24/2017",2016,3,3,1,"shot_yes","Dunk Shot","2PT Field Goal",0,"Sacramento Kings",0,1,33
"Golden State Warriors","10/28/2016",2016,3,0,2,"shot_yes","Dunk Shot","2PT Field Goal",0,"New Orleans Pelicans",0,1,36
"Golden State Warriors","3/28/2017",2016,1,3,15,"shot_yes","Dunk Shot","2PT Field Goal",0,"Houston Rockets",0,1,9
"Golden State Warriors","3/31/2017",2016,4,0,29,"shot_yes","Dunk Shot","2PT Field Goal",0,"Houston Rockets",0,1,48
"Golden State Warriors","3/20/2017",2016,2,2,32,"shot_yes","Dunk Shot","2PT Field Goal",0,"Oklahoma City Thunder",0,1,22
"Golden State Warriors","2/28/2017",2016,4,5,20,"shot_no","Dunk Shot","2PT Field Goal",0,"Washington Wizards",0,1,43
"Golden State Warriors","1/28/2017",2016,3,3,44,"shot_yes","Dunk Shot","2PT Field Goal",0,"Los Angeles Clippers",0,1,33
"Golden State Warriors","2/23/2017",2016,3,5,22,"shot_yes","Dunk Shot","2PT Field Goal",0,"Los Angeles Clippers",0,1,31
"Golden State Warriors","10/30/2016",2016,2,0,43,"shot_yes","Dunk Shot","2PT Field Goal",0,"Phoenix Suns",0,1,24
"Golden State Warriors","1/28/2017",2016,2,0,28,"shot_yes","Dunk Shot","2PT Field Goal",0,"Los Angeles Clippers",0,1,24
"Golden State Warriors","1/18/2017",2016,4,10,24,"shot_yes","Dunk Shot","2PT Field Goal",0,"Oklahoma City Thunder",0,1,38
"Golden State Warriors","11/3/2016",2016,4,10,13,"shot_yes","Fadeaway Jump Shot","2PT Field Goal",19,"Oklahoma City Thunder",195,-1,38
"Golden State Warriors","12/28/2016",2016,3,1,10,"shot_yes","Finger Roll Layup Shot","2PT Field Goal",1,"Toronto Raptors",-1,16,35
"Golden State Warriors","2/10/2017",2016,2,4,36,"shot_yes","Floating Jump shot","2PT Field Goal",17,"Memphis Grizzlies",-109,136,20
"Golden State Warriors","1/2/2017",2016,3,0,0,"shot_no","Floating Jump shot","2PT Field Goal",10,"Denver Nuggets",-29,97,36
"Golden State Warriors","12/28/2016",2016,4,11,14,"shot_yes","Hook Shot","2PT Field Goal",5,"Toronto Raptors",-29,41,37
"Golden State Warriors","11/18/2016",2016,2,3,4,"shot_yes","Hook Shot","2PT Field Goal",0,"Boston Celtics",0,1,21
"Golden State Warriors","11/1/2016",2016,4,9,22,"shot_no","Hook Shot","2PT Field Goal",3,"Portland Trail Blazers",-32,7,39
"Golden State Warriors","12/25/2016",2016,2,0,46,"shot_no","Jump Bank Shot","2PT Field Goal",7,"Cleveland Cavaliers",68,36,24
"Golden State Warriors","3/2/2017",2016,2,0,22,"shot_no","Jump Shot","3PT Field Goal",26,"Chicago Bulls",-191,180,24
"Golden State Warriors","4/4/2017",2016,1,0,18,"shot_yes","Jump Shot","2PT Field Goal",18,"Minnesota Timberwolves",117,144,12
"Golden State Warriors","3/31/2017",2016,1,2,2,"shot_yes","Jump Shot","3PT Field Goal",27,"Houston Rockets",81,262,10
"Golden State Warriors","3/31/2017",2016,2,0,0,"shot_yes","Jump Shot","3PT Field Goal",27,"Houston Rockets",-215,165,24
"Golden State Warriors","3/31/2017",2016,4,8,12,"shot_no","Jump Shot","3PT Field Goal",25,"Houston Rockets",87,242,40
"Golden State Warriors","3/31/2017",2016,2,8,11,"shot_no","Jump Shot","3PT Field Goal",25,"Houston Rockets",-60,247,16
"Golden State Warriors","3/31/2017",2016,1,1,29,"shot_no","Jump Shot","3PT Field Goal",25,"Houston Rockets",-119,228,11
"Golden State Warriors","3/31/2017",2016,4,1,39,"shot_no","Jump Shot","3PT Field Goal",23,"Houston Rockets",-227,67,47
"Golden State Warriors","3/31/2017",2016,1,5,0,"shot_no","Jump Shot","2PT Field Goal",19,"Houston Rockets",109,159,7
"Golden State Warriors","3/29/2017",2016,2,10,3,"shot_no","Jump Shot","3PT Field Goal",24,"San Antonio Spurs",161,183,14
"Golden State Warriors","3/29/2017",2016,1,2,31,"shot_yes","Jump Shot","3PT Field Goal",23,"San Antonio Spurs",233,2,10
"Golden State Warriors","3/29/2017",2016,2,4,39,"shot_yes","Jump Shot","3PT Field Goal",25,"San Antonio Spurs",-207,154,20
"Golden State Warriors","3/29/2017",2016,1,0,49,"shot_yes","Jump Shot","2PT Field Goal",19,"San Antonio Spurs",-158,120,12
"Golden State Warriors","3/28/2017",2016,3,4,31,"shot_yes","Jump Shot","3PT Field Goal",23,"Houston Rockets",233,26,32
"Golden State Warriors","3/28/2017",2016,3,6,52,"shot_no","Jump Shot","3PT Field Goal",22,"Houston Rockets",223,51,30
"Golden State Warriors","3/28/2017",2016,4,10,38,"shot_no","Jump Shot","3PT Field Goal",24,"Houston Rockets",225,97,38
"Golden State Warriors","3/28/2017",2016,2,9,9,"shot_no","Jump Shot","3PT Field Goal",23,"Houston Rockets",228,70,15
"Golden State Warriors","3/26/2017",2016,2,8,39,"shot_no","Jump Shot","2PT Field Goal",14,"Memphis Grizzlies",-133,46,16
"Golden State Warriors","3/26/2017",2016,1,5,5,"shot_yes","Jump Shot","3PT Field Goal",26,"Memphis Grizzlies",-212,160,7
"Golden State Warriors","3/24/2017",2016,1,2,31,"shot_no","Jump Shot","3PT Field Goal",25,"Sacramento Kings",-55,247,10
"Golden State Warriors","3/24/2017",2016,2,11,38,"shot_no","Jump Shot","2PT Field Goal",17,"Sacramento Kings",-124,129,13
"Golden State Warriors","3/20/2017",2016,3,0,35,"shot_no","Jump Shot","3PT Field Goal",25,"Oklahoma City Thunder",-189,164,36
"Golden State Warriors","3/20/2017",2016,1,2,33,"shot_no","Jump Shot","2PT Field Goal",17,"Oklahoma City Thunder",171,11,10
"Golden State Warriors","3/18/2017",2016,4,8,11,"shot_no","Jump Shot","2PT Field Goal",3,"Milwaukee Bucks",17,28,40
"Golden State Warriors","3/16/2017",2016,4,10,21,"shot_no","Jump Shot","3PT Field Goal",26,"Orlando Magic",-122,232,38
"Golden State Warriors","3/14/2017",2016,2,7,38,"shot_no","Jump Shot","2PT Field Goal",3,"Philadelphia 76ers",-29,26,17
"Golden State Warriors","3/6/2017",2016,4,2,38,"shot_yes","Jump Shot","3PT Field Goal",23,"Atlanta Hawks",233,18,46
"Golden State Warriors","3/6/2017",2016,4,5,18,"shot_no","Jump Shot","3PT Field Goal",25,"Atlanta Hawks",168,193,43
"Golden State Warriors","3/6/2017",2016,2,4,48,"shot_yes","Jump Shot","3PT Field Goal",23,"Atlanta Hawks",236,16,20
"Golden State Warriors","3/6/2017",2016,1,4,44,"shot_yes","Jump Shot","3PT Field Goal",24,"Atlanta Hawks",238,46,8
"Golden State Warriors","3/6/2017",2016,2,7,10,"shot_no","Jump Shot","3PT Field Goal",22,"Atlanta Hawks",-227,13,17
"Golden State Warriors","3/6/2017",2016,4,6,9,"shot_yes","Jump Shot","3PT Field Goal",24,"Atlanta Hawks",-60,242,42
"Golden State Warriors","3/5/2017",2016,4,6,56,"shot_no","Jump Shot","3PT Field Goal",24,"New York Knicks",191,151,42
"Golden State Warriors","3/5/2017",2016,2,8,1,"shot_no","Jump Shot","3PT Field Goal",23,"New York Knicks",-233,-31,16
"Golden State Warriors","3/5/2017",2016,2,8,32,"shot_no","Jump Shot","3PT Field Goal",23,"New York Knicks",232,-26,16
"Golden State Warriors","3/5/2017",2016,2,4,51,"shot_yes","Jump Shot","3PT Field Goal",24,"New York Knicks",-158,188,20
"Golden State Warriors","3/5/2017",2016,2,4,1,"shot_yes","Jump Shot","3PT Field Goal",24,"New York Knicks",205,136,20
"Golden State Warriors","3/2/2017",2016,4,10,17,"shot_no","Jump Shot","3PT Field Goal",23,"Chicago Bulls",233,-6,38
"Golden State Warriors","2/15/2017",2016,2,8,48,"shot_no","Jump Shot","3PT Field Goal",25,"Sacramento Kings",1,257,16
"Golden State Warriors","2/13/2017",2016,2,1,14,"shot_no","Jump Shot","3PT Field Goal",23,"Denver Nuggets",232,7,23
"Golden State Warriors","2/13/2017",2016,2,9,31,"shot_no","Jump Shot","3PT Field Goal",25,"Denver Nuggets",161,203,15
"Golden State Warriors","2/13/2017",2016,3,2,27,"shot_no","Jump Shot","3PT Field Goal",25,"Denver Nuggets",-173,183,34
"Golden State Warriors","2/13/2017",2016,3,3,2,"shot_yes","Jump Shot","2PT Field Goal",16,"Denver Nuggets",168,21,33
"Golden State Warriors","2/13/2017",2016,3,0,27,"shot_yes","Jump Shot","3PT Field Goal",25,"Denver Nuggets",200,164,36
"Golden State Warriors","2/11/2017",2016,4,11,26,"shot_no","Jump Shot","2PT Field Goal",18,"Oklahoma City Thunder",-66,169,37
"Golden State Warriors","2/11/2017",2016,3,2,45,"shot_no","Jump Shot","3PT Field Goal",24,"Oklahoma City Thunder",179,169,34
"Golden State Warriors","2/11/2017",2016,1,1,23,"shot_yes","Jump Shot","3PT Field Goal",22,"Oklahoma City Thunder",-225,-10,11
"Golden State Warriors","2/11/2017",2016,2,7,47,"shot_no","Jump Shot","3PT Field Goal",22,"Oklahoma City Thunder",223,38,17
"Golden State Warriors","2/11/2017",2016,4,8,15,"shot_no","Jump Shot","3PT Field Goal",24,"Oklahoma City Thunder",-143,193,40
"Golden State Warriors","2/10/2017",2016,2,5,22,"shot_yes","Jump Shot","3PT Field Goal",25,"Memphis Grizzlies",28,249,19
"Golden State Warriors","2/10/2017",2016,3,3,3,"shot_no","Jump Shot","3PT Field Goal",25,"Memphis Grizzlies",186,178,33
"Golden State Warriors","2/10/2017",2016,2,10,22,"shot_yes","Jump Shot","3PT Field Goal",22,"Memphis Grizzlies",-227,2,14
"Golden State Warriors","2/8/2017",2016,2,8,42,"shot_no","Jump Shot","3PT Field Goal",26,"Chicago Bulls",64,259,16
"Golden State Warriors","2/4/2017",2016,2,10,42,"shot_no","Jump Shot","3PT Field Goal",23,"Sacramento Kings",-233,31,14
"Golden State Warriors","2/4/2017",2016,4,8,47,"shot_no","Jump Shot","3PT Field Goal",24,"Sacramento Kings",-202,141,40
"Golden State Warriors","2/4/2017",2016,4,10,7,"shot_no","Jump Shot","3PT Field Goal",25,"Sacramento Kings",187,174,38
"Golden State Warriors","2/4/2017",2016,4,4,35,"shot_no","Jump Shot","2PT Field Goal",17,"Sacramento Kings",171,13,44
"Golden State Warriors","2/2/2017",2016,4,0,11,"shot_yes","Jump Shot","3PT Field Goal",25,"Los Angeles Clippers",-174,193,48
"Golden State Warriors","2/2/2017",2016,4,10,3,"shot_yes","Jump Shot","3PT Field Goal",25,"Los Angeles Clippers",-63,249,38
"Golden State Warriors","2/2/2017",2016,3,5,5,"shot_yes","Jump Shot","3PT Field Goal",23,"Los Angeles Clippers",-233,3,31
"Golden State Warriors","2/2/2017",2016,4,4,16,"shot_no","Jump Shot","3PT Field Goal",26,"Los Angeles Clippers",-165,205,44
"Golden State Warriors","2/1/2017",2016,1,0,8,"shot_no","Jump Shot","3PT Field Goal",26,"Charlotte Hornets",-179,193,12
"Golden State Warriors","1/29/2017",2016,4,6,6,"shot_yes","Jump Shot","3PT Field Goal",23,"Portland Trail Blazers",-228,46,42
"Golden State Warriors","1/29/2017",2016,2,10,3,"shot_no","Jump Shot","3PT Field Goal",22,"Portland Trail Blazers",-225,7,14
"Golden State Warriors","1/28/2017",2016,3,2,3,"shot_yes","Jump Shot","3PT Field Goal",25,"Los Angeles Clippers",153,210,34
"Golden State Warriors","1/28/2017",2016,3,5,3,"shot_no","Jump Shot","3PT Field Goal",24,"Los Angeles Clippers",182,159,31
"Golden State Warriors","1/28/2017",2016,4,11,40,"shot_no","Jump Shot","2PT Field Goal",11,"Los Angeles Clippers",-12,115,37
"Golden State Warriors","1/28/2017",2016,3,4,31,"shot_no","Jump Shot","3PT Field Goal",23,"Los Angeles Clippers",232,26,32
"Golden State Warriors","1/25/2017",2016,2,10,44,"shot_no","Jump Shot","2PT Field Goal",15,"Charlotte Hornets",-73,134,14
"Golden State Warriors","1/22/2017",2016,4,11,36,"shot_yes","Jump Shot","3PT Field Goal",22,"Orlando Magic",-228,3,37
"Golden State Warriors","1/22/2017",2016,4,10,20,"shot_no","Jump Shot","3PT Field Goal",23,"Orlando Magic",-238,0,38
"Golden State Warriors","1/22/2017",2016,2,3,15,"shot_no","Jump Shot","3PT Field Goal",25,"Orlando Magic",179,188,21
"Golden State Warriors","1/22/2017",2016,2,10,45,"shot_no","Jump Shot","3PT Field Goal",25,"Orlando Magic",125,223,14
"Golden State Warriors","1/20/2017",2016,1,0,26,"shot_no","Jump Shot","2PT Field Goal",14,"Houston Rockets",-137,41,12
"Golden State Warriors","1/20/2017",2016,2,11,33,"shot_yes","Jump Shot","3PT Field Goal",25,"Houston Rockets",-171,183,13
"Golden State Warriors","1/20/2017",2016,2,7,2,"shot_no","Jump Shot","3PT Field Goal",23,"Houston Rockets",238,3,17
"Golden State Warriors","1/18/2017",2016,1,6,38,"shot_yes","Jump Shot","2PT Field Goal",20,"Oklahoma City Thunder",-73,188,6
"Golden State Warriors","1/16/2017",2016,1,4,23,"shot_yes","Jump Shot","3PT Field Goal",25,"Cleveland Cavaliers",-205,156,8
"Golden State Warriors","1/8/2017",2016,4,3,6,"shot_yes","Jump Shot","3PT Field Goal",24,"Sacramento Kings",225,97,45
"Golden State Warriors","1/8/2017",2016,1,2,12,"shot_no","Jump Shot","2PT Field Goal",21,"Sacramento Kings",109,185,10
"Golden State Warriors","1/8/2017",2016,3,2,19,"shot_no","Jump Shot","2PT Field Goal",16,"Sacramento Kings",91,139,34
"Golden State Warriors","1/6/2017",2016,4,11,39,"shot_no","Jump Shot","3PT Field Goal",25,"Memphis Grizzlies",132,218,37
"Golden State Warriors","1/4/2017",2016,1,1,58,"shot_yes","Jump Shot","3PT Field Goal",26,"Portland Trail Blazers",-129,232,11
"Golden State Warriors","1/2/2017",2016,3,0,13,"shot_no","Jump Shot","3PT Field Goal",23,"Denver Nuggets",-235,8,36
"Golden State Warriors","12/30/2016",2016,2,9,55,"shot_no","Jump Shot","3PT Field Goal",23,"Dallas Mavericks",230,18,15
"Golden State Warriors","12/30/2016",2016,1,0,0,"shot_no","Jump Shot","3PT Field Goal",28,"Dallas Mavericks",-68,277,12
"Golden State Warriors","12/25/2016",2016,2,1,55,"shot_no","Jump Shot","3PT Field Goal",23,"Cleveland Cavaliers",230,2,23
"Golden State Warriors","12/25/2016",2016,2,1,22,"shot_no","Jump Shot","3PT Field Goal",23,"Cleveland Cavaliers",-237,2,23
"Golden State Warriors","12/23/2016",2016,1,4,6,"shot_no","Jump Shot","2PT Field Goal",15,"Detroit Pistons",-137,62,8
"Golden State Warriors","12/22/2016",2016,4,6,56,"shot_yes","Jump Shot","3PT Field Goal",25,"Brooklyn Nets",-179,175,42
"Golden State Warriors","12/22/2016",2016,3,1,39,"shot_yes","Jump Shot","3PT Field Goal",24,"Brooklyn Nets",99,228,35
"Golden State Warriors","12/22/2016",2016,2,1,24,"shot_no","Jump Shot","3PT Field Goal",23,"Brooklyn Nets",-230,-19,23
"Golden State Warriors","12/22/2016",2016,1,4,0,"shot_yes","Jump Shot","2PT Field Goal",18,"Brooklyn Nets",125,139,8
"Golden State Warriors","12/22/2016",2016,3,3,48,"shot_no","Jump Shot","3PT Field Goal",22,"Brooklyn Nets",223,11,33
"Golden State Warriors","12/22/2016",2016,4,9,9,"shot_no","Jump Shot","3PT Field Goal",23,"Brooklyn Nets",233,-15,39
"Golden State Warriors","12/17/2016",2016,1,2,56,"shot_no","Jump Shot","2PT Field Goal",17,"Portland Trail Blazers",122,129,10
"Golden State Warriors","12/17/2016",2016,4,11,4,"shot_yes","Jump Shot","2PT Field Goal",18,"Portland Trail Blazers",-65,169,37
"Golden State Warriors","12/17/2016",2016,1,1,49,"shot_no","Jump Shot","3PT Field Goal",22,"Portland Trail Blazers",227,-1,11
"Golden State Warriors","12/17/2016",2016,4,11,40,"shot_yes","Jump Shot","2PT Field Goal",20,"Portland Trail Blazers",-9,205,37
"Golden State Warriors","12/15/2016",2016,4,9,15,"shot_no","Jump Shot","3PT Field Goal",23,"New York Knicks",-232,61,39
"Golden State Warriors","12/13/2016",2016,3,0,48,"shot_no","Jump Shot","3PT Field Goal",22,"New Orleans Pelicans",-228,7,36
"Golden State Warriors","12/13/2016",2016,4,8,0,"shot_yes","Jump Shot","3PT Field Goal",25,"New Orleans Pelicans",123,224,40
"Golden State Warriors","12/13/2016",2016,1,0,0,"shot_no","Jump Shot","3PT Field Goal",26,"New Orleans Pelicans",-214,164,12
"Golden State Warriors","12/13/2016",2016,2,2,27,"shot_no","Jump Shot","3PT Field Goal",23,"New Orleans Pelicans",238,8,22
"Golden State Warriors","12/13/2016",2016,2,9,41,"shot_yes","Jump Shot","3PT Field Goal",25,"New Orleans Pelicans",235,105,15
"Golden State Warriors","12/11/2016",2016,2,9,20,"shot_no","Jump Shot","2PT Field Goal",19,"Minnesota Timberwolves",-76,183,15
"Golden State Warriors","12/11/2016",2016,4,4,33,"shot_yes","Jump Shot","3PT Field Goal",24,"Minnesota Timberwolves",215,124,44
"Golden State Warriors","12/11/2016",2016,3,0,0,"shot_no","Jump Shot","3PT Field Goal",47,"Minnesota Timberwolves",-125,457,36
"Golden State Warriors","12/11/2016",2016,4,9,29,"shot_no","Jump Shot","3PT Field Goal",23,"Minnesota Timberwolves",232,11,39
"Golden State Warriors","12/8/2016",2016,3,3,5,"shot_no","Jump Shot","2PT Field Goal",18,"Utah Jazz",-168,65,33
"Golden State Warriors","12/8/2016",2016,4,10,4,"shot_no","Jump Shot","3PT Field Goal",24,"Utah Jazz",-202,134,38
"Golden State Warriors","12/7/2016",2016,4,11,13,"shot_no","Jump Shot","2PT Field Goal",3,"Los Angeles Clippers",-4,33,37
"Golden State Warriors","12/7/2016",2016,2,2,4,"shot_no","Jump Shot","3PT Field Goal",24,"Los Angeles Clippers",-240,16,22
"Golden State Warriors","12/7/2016",2016,4,10,6,"shot_no","Jump Shot","3PT Field Goal",25,"Los Angeles Clippers",159,200,38
"Golden State Warriors","12/5/2016",2016,2,1,58,"shot_no","Jump Shot","2PT Field Goal",18,"Indiana Pacers",-137,124,23
"Golden State Warriors","12/3/2016",2016,2,8,26,"shot_no","Jump Shot","2PT Field Goal",7,"Phoenix Suns",-74,28,16
"Golden State Warriors","12/3/2016",2016,1,1,48,"shot_no","Jump Shot","2PT Field Goal",17,"Phoenix Suns",135,116,11
"Golden State Warriors","12/1/2016",2016,3,4,39,"shot_no","Jump Shot","3PT Field Goal",23,"Houston Rockets",233,28,32
"Golden State Warriors","12/1/2016",2016,2,4,13,"shot_yes","Jump Shot","3PT Field Goal",23,"Houston Rockets",-227,43,20
"Golden State Warriors","11/28/2016",2016,4,2,28,"shot_no","Jump Shot","3PT Field Goal",22,"Atlanta Hawks",227,23,46
"Golden State Warriors","11/28/2016",2016,3,1,26,"shot_no","Jump Shot","3PT Field Goal",25,"Atlanta Hawks",110,229,35
"Golden State Warriors","11/28/2016",2016,3,0,26,"shot_no","Jump Shot","3PT Field Goal",22,"Atlanta Hawks",-228,21,36
"Golden State Warriors","11/28/2016",2016,4,9,9,"shot_no","Jump Shot","3PT Field Goal",24,"Atlanta Hawks",233,67,39
"Golden State Warriors","11/26/2016",2016,3,3,14,"shot_no","Jump Shot","2PT Field Goal",4,"Minnesota Timberwolves",6,43,33
"Golden State Warriors","11/26/2016",2016,2,3,50,"shot_no","Jump Shot","3PT Field Goal",25,"Minnesota Timberwolves",-181,183,21
"Golden State Warriors","11/25/2016",2016,2,10,31,"shot_yes","Jump Shot","2PT Field Goal",16,"Los Angeles Lakers",-153,72,14
"Golden State Warriors","11/25/2016",2016,3,2,45,"shot_no","Jump Shot","3PT Field Goal",24,"Los Angeles Lakers",187,163,34
"Golden State Warriors","11/23/2016",2016,3,0,33,"shot_no","Jump Shot","3PT Field Goal",23,"Los Angeles Lakers",236,31,36
"Golden State Warriors","11/23/2016",2016,4,10,49,"shot_no","Jump Shot","3PT Field Goal",25,"Los Angeles Lakers",114,232,38
"Golden State Warriors","11/23/2016",2016,2,9,40,"shot_no","Jump Shot","3PT Field Goal",25,"Los Angeles Lakers",177,178,15
"Golden State Warriors","11/21/2016",2016,1,1,57,"shot_yes","Jump Shot","3PT Field Goal",24,"Indiana Pacers",212,124,11
"Golden State Warriors","11/21/2016",2016,3,2,29,"shot_yes","Jump Shot","3PT Field Goal",23,"Indiana Pacers",233,-26,34
"Golden State Warriors","11/21/2016",2016,3,4,40,"shot_yes","Jump Shot","3PT Field Goal",23,"Indiana Pacers",232,-11,32
"Golden State Warriors","11/21/2016",2016,2,2,35,"shot_no","Jump Shot","3PT Field Goal",26,"Indiana Pacers",87,247,22
"Golden State Warriors","11/21/2016",2016,3,1,16,"shot_no","Jump Shot","3PT Field Goal",23,"Indiana Pacers",-233,-6,35
"Golden State Warriors","11/19/2016",2016,2,11,17,"shot_yes","Jump Shot","3PT Field Goal",25,"Milwaukee Bucks",212,149,13
"Golden State Warriors","11/19/2016",2016,4,9,47,"shot_no","Jump Shot","3PT Field Goal",24,"Milwaukee Bucks",222,111,39
"Golden State Warriors","11/19/2016",2016,3,0,0,"shot_no","Jump Shot","3PT Field Goal",40,"Milwaukee Bucks",-99,391,36
"Golden State Warriors","11/19/2016",2016,2,2,5,"shot_no","Jump Shot","2PT Field Goal",17,"Milwaukee Bucks",140,100,22
"Golden State Warriors","11/19/2016",2016,2,10,49,"shot_yes","Jump Shot","3PT Field Goal",24,"Milwaukee Bucks",-245,2,14
"Golden State Warriors","11/19/2016",2016,4,9,19,"shot_no","Jump Shot","3PT Field Goal",25,"Milwaukee Bucks",-238,95,39
"Golden State Warriors","11/18/2016",2016,2,11,46,"shot_no","Jump Shot","2PT Field Goal",16,"Boston Celtics",-47,159,13
"Golden State Warriors","11/18/2016",2016,3,2,19,"shot_no","Jump Shot","3PT Field Goal",25,"Boston Celtics",76,242,34
"Golden State Warriors","11/16/2016",2016,1,5,40,"shot_yes","Jump Shot","3PT Field Goal",25,"Toronto Raptors",-91,239,7
"Golden State Warriors","11/16/2016",2016,4,9,20,"shot_yes","Jump Shot","3PT Field Goal",23,"Toronto Raptors",-237,-11,39
"Golden State Warriors","11/13/2016",2016,4,7,47,"shot_no","Jump Shot","3PT Field Goal",25,"Phoenix Suns",105,228,41
"Golden State Warriors","11/13/2016",2016,2,8,10,"shot_no","Jump Shot","3PT Field Goal",25,"Phoenix Suns",189,169,16
"Golden State Warriors","11/10/2016",2016,2,9,54,"shot_no","Jump Shot","2PT Field Goal",16,"Denver Nuggets",-50,159,15
"Golden State Warriors","11/10/2016",2016,2,2,58,"shot_no","Jump Shot","3PT Field Goal",26,"Denver Nuggets",181,193,22
"Golden State Warriors","11/9/2016",2016,2,11,26,"shot_no","Jump Shot","3PT Field Goal",26,"Dallas Mavericks",-192,185,13
"Golden State Warriors","11/7/2016",2016,1,3,1,"shot_no","Jump Shot","3PT Field Goal",23,"New Orleans Pelicans",-238,7,9
"Golden State Warriors","11/7/2016",2016,3,4,32,"shot_no","Jump Shot","3PT Field Goal",23,"New Orleans Pelicans",-232,21,32
"Golden State Warriors","11/7/2016",2016,1,2,7,"shot_no","Jump Shot","3PT Field Goal",24,"New Orleans Pelicans",-179,174,10
"Golden State Warriors","11/7/2016",2016,2,8,8,"shot_no","Jump Shot","3PT Field Goal",26,"New Orleans Pelicans",-183,188,16
"Golden State Warriors","11/4/2016",2016,4,11,42,"shot_no","Jump Shot","3PT Field Goal",24,"Los Angeles Lakers",-238,31,37
"Golden State Warriors","11/4/2016",2016,2,0,1,"shot_no","Jump Shot","3PT Field Goal",24,"Los Angeles Lakers",178,174,24
"Golden State Warriors","11/4/2016",2016,1,0,1,"shot_yes","Jump Shot","3PT Field Goal",24,"Los Angeles Lakers",62,241,12
"Golden State Warriors","11/4/2016",2016,4,10,31,"shot_no","Jump Shot","2PT Field Goal",19,"Los Angeles Lakers",-78,184,38
"Golden State Warriors","11/3/2016",2016,4,9,43,"shot_no","Jump Shot","3PT Field Goal",23,"Oklahoma City Thunder",-230,7,39
"Golden State Warriors","11/1/2016",2016,4,8,33,"shot_yes","Jump Shot","3PT Field Goal",24,"Portland Trail Blazers",-63,239,40
"Golden State Warriors","10/30/2016",2016,1,2,39,"shot_no","Jump Shot","3PT Field Goal",26,"Phoenix Suns",-156,213,10
"Golden State Warriors","10/30/2016",2016,4,3,26,"shot_no","Jump Shot","3PT Field Goal",23,"Phoenix Suns",-235,-19,45
"Golden State Warriors","10/30/2016",2016,2,5,8,"shot_no","Jump Shot","3PT Field Goal",23,"Phoenix Suns",230,33,19
"Golden State Warriors","10/28/2016",2016,3,6,23,"shot_yes","Jump Shot","3PT Field Goal",22,"New Orleans Pelicans",-227,-5,30
"Golden State Warriors","10/28/2016",2016,3,5,34,"shot_yes","Jump Shot","2PT Field Goal",16,"New Orleans Pelicans",96,134,31
"Golden State Warriors","10/28/2016",2016,4,2,54,"shot_no","Jump Shot","3PT Field Goal",23,"New Orleans Pelicans",-233,-1,46
"Golden State Warriors","10/28/2016",2016,3,5,49,"shot_no","Jump Shot","3PT Field Goal",23,"New Orleans Pelicans",-233,3,31
"Golden State Warriors","10/25/2016",2016,2,9,7,"shot_no","Jump Shot","3PT Field Goal",23,"San Antonio Spurs",228,72,15
"Golden State Warriors","10/25/2016",2016,2,3,56,"shot_no","Jump Shot","3PT Field Goal",23,"San Antonio Spurs",225,61,21
"Golden State Warriors","2/28/2017",2016,4,4,20,"shot_no","Jump Shot","3PT Field Goal",26,"Washington Wizards",222,136,44
"Golden State Warriors","2/28/2017",2016,2,1,44,"shot_no","Jump Shot","3PT Field Goal",23,"Washington Wizards",236,36,23
"Golden State Warriors","2/27/2017",2016,3,0,0,"shot_no","Jump Shot","3PT Field Goal",49,"Philadelphia 76ers",27,497,36
"Golden State Warriors","2/25/2017",2016,1,0,57,"shot_no","Jump Shot","2PT Field Goal",8,"Brooklyn Nets",-56,70,12
"Golden State Warriors","2/25/2017",2016,2,1,39,"shot_yes","Jump Shot","2PT Field Goal",19,"Brooklyn Nets",112,154,23
"Golden State Warriors","2/25/2017",2016,4,9,19,"shot_no","Jump Shot","3PT Field Goal",22,"Brooklyn Nets",225,41,39
"Golden State Warriors","2/25/2017",2016,1,5,5,"shot_yes","Jump Shot","3PT Field Goal",26,"Brooklyn Nets",137,228,7
"Golden State Warriors","2/23/2017",2016,1,0,5,"shot_no","Jump Shot","3PT Field Goal",25,"Los Angeles Clippers",140,213,12
"Golden State Warriors","2/23/2017",2016,3,3,48,"shot_no","Jump Shot","3PT Field Goal",26,"Los Angeles Clippers",-155,218,33
"Golden State Warriors","2/23/2017",2016,4,6,39,"shot_no","Jump Shot","2PT Field Goal",14,"Los Angeles Clippers",133,51,42
"Golden State Warriors","1/8/2017",2016,1,0,2,"shot_no","Layup Shot","2PT Field Goal",3,"Sacramento Kings",28,16,12
"Golden State Warriors","12/8/2016",2016,2,8,6,"shot_no","Layup Shot","2PT Field Goal",1,"Utah Jazz",0,11,16
"Golden State Warriors","11/1/2016",2016,3,5,6,"shot_no","Layup Shot","2PT Field Goal",1,"Portland Trail Blazers",0,11,31
"Golden State Warriors","12/11/2016",2016,4,2,0,"shot_no","Layup Shot","2PT Field Goal",1,"Minnesota Timberwolves",9,13,46
"Golden State Warriors","11/21/2016",2016,1,2,34,"shot_no","Layup Shot","2PT Field Goal",1,"Indiana Pacers",9,7,10
"Golden State Warriors","2/13/2017",2016,3,3,42,"shot_yes","Layup Shot","2PT Field Goal",1,"Denver Nuggets",15,2,33
"Golden State Warriors","11/21/2016",2016,2,2,10,"shot_no","Layup Shot","2PT Field Goal",1,"Indiana Pacers",12,7,22
"Golden State Warriors","1/20/2017",2016,1,0,38,"shot_no","Layup Shot","2PT Field Goal",2,"Houston Rockets",4,26,12
"Golden State Warriors","1/2/2017",2016,2,11,28,"shot_yes","Layup Shot","2PT Field Goal",1,"Denver Nuggets",-9,7,13
"Golden State Warriors","3/29/2017",2016,1,5,24,"shot_no","Layup Shot","2PT Field Goal",1,"San Antonio Spurs",-12,-6,7
"Golden State Warriors","11/13/2016",2016,3,1,54,"shot_no","Layup Shot","2PT Field Goal",1,"Phoenix Suns",-9,8,35
"Golden State Warriors","10/28/2016",2016,1,3,48,"shot_no","Layup Shot","2PT Field Goal",1,"New Orleans Pelicans",6,8,9
"Golden State Warriors","3/20/2017",2016,2,5,3,"shot_no","Layup Shot","2PT Field Goal",2,"Oklahoma City Thunder",27,2,19
"Golden State Warriors","11/18/2016",2016,4,8,27,"shot_no","Layup Shot","2PT Field Goal",2,"Boston Celtics",-22,8,40
"Golden State Warriors","3/16/2017",2016,4,8,39,"shot_no","Layup Shot","2PT Field Goal",1,"Orlando Magic",-11,13,40
"Golden State Warriors","12/7/2016",2016,4,8,11,"shot_yes","Layup Shot","2PT Field Goal",2,"Los Angeles Clippers",-20,18,40
"Golden State Warriors","2/2/2017",2016,3,1,26,"shot_no","Layup Shot","2PT Field Goal",0,"Los Angeles Clippers",4,8,35
"Golden State Warriors","11/28/2016",2016,3,2,14,"shot_yes","Pullup Jump shot","3PT Field Goal",23,"Atlanta Hawks",-235,26,34
"Golden State Warriors","11/23/2016",2016,4,8,30,"shot_yes","Pullup Jump shot","2PT Field Goal",19,"Los Angeles Lakers",78,178,40
"Golden State Warriors","12/20/2016",2016,2,10,25,"shot_yes","Pullup Jump shot","3PT Field Goal",24,"Utah Jazz",233,77,14
"Golden State Warriors","11/23/2016",2016,4,7,54,"shot_no","Pullup Jump shot","3PT Field Goal",25,"Los Angeles Lakers",-181,174,41
"Golden State Warriors","12/17/2016",2016,2,8,52,"shot_yes","Pullup Jump shot","3PT Field Goal",26,"Portland Trail Blazers",64,257,16
"Golden State Warriors","2/23/2017",2016,2,8,28,"shot_no","Pullup Jump shot","2PT Field Goal",18,"Los Angeles Clippers",-137,129,16
"Golden State Warriors","2/15/2017",2016,3,1,3,"shot_yes","Pullup Jump shot","3PT Field Goal",23,"Sacramento Kings",-227,41,35
"Golden State Warriors","3/6/2017",2016,3,2,23,"shot_yes","Pullup Jump shot","2PT Field Goal",16,"Atlanta Hawks",104,131,34
"Golden State Warriors","3/29/2017",2016,3,1,19,"shot_yes","Pullup Jump shot","2PT Field Goal",15,"San Antonio Spurs",64,144,35
"Golden State Warriors","3/14/2017",2016,1,1,27,"shot_yes","Pullup Jump shot","3PT Field Goal",22,"Philadelphia 76ers",228,3,11
"Golden State Warriors","12/11/2016",2016,4,2,43,"shot_no","Pullup Jump shot","2PT Field Goal",21,"Minnesota Timberwolves",-166,134,46
"Golden State Warriors","12/8/2016",2016,3,3,41,"shot_yes","Pullup Jump shot","2PT Field Goal",17,"Utah Jazz",78,156,33
"Golden State Warriors","4/4/2017",2016,2,9,35,"shot_yes","Pullup Jump shot","3PT Field Goal",23,"Minnesota Timberwolves",227,62,15
"Golden State Warriors","3/31/2017",2016,1,4,9,"shot_yes","Pullup Jump shot","2PT Field Goal",20,"Houston Rockets",99,174,8
"Golden State Warriors","1/29/2017",2016,3,0,29,"shot_yes","Pullup Jump shot","3PT Field Goal",24,"Portland Trail Blazers",79,234,36
"Golden State Warriors","1/29/2017",2016,3,0,56,"shot_yes","Pullup Jump shot","3PT Field Goal",24,"Portland Trail Blazers",30,244,36
"Golden State Warriors","3/26/2017",2016,2,7,17,"shot_yes","Pullup Jump shot","3PT Field Goal",23,"Memphis Grizzlies",-235,23,17
"Golden State Warriors","3/28/2017",2016,3,0,27,"shot_no","Pullup Jump shot","3PT Field Goal",24,"Houston Rockets",125,214,36
"Golden State Warriors","12/3/2016",2016,1,2,43,"shot_yes","Pullup Jump shot","2PT Field Goal",18,"Phoenix Suns",119,144,10
"Golden State Warriors","12/3/2016",2016,4,11,10,"shot_yes","Pullup Jump shot","3PT Field Goal",27,"Phoenix Suns",-187,198,37
"Golden State Warriors","1/22/2017",2016,4,3,15,"shot_no","Pullup Jump shot","2PT Field Goal",19,"Orlando Magic",197,23,45
"Golden State Warriors","12/1/2016",2016,1,3,47,"shot_yes","Pullup Jump shot","3PT Field Goal",25,"Houston Rockets",-158,203,9
"Golden State Warriors","1/16/2017",2016,1,0,45,"shot_yes","Pullup Jump shot","3PT Field Goal",23,"Cleveland Cavaliers",-232,28,12
"Golden State Warriors","11/28/2016",2016,1,3,27,"shot_yes","Pullup Jump shot","3PT Field Goal",25,"Atlanta Hawks",-174,193,9
"Golden State Warriors","3/18/2017",2016,3,2,41,"shot_yes","Pullup Jump shot","3PT Field Goal",23,"Milwaukee Bucks",228,61,34
"Golden State Warriors","12/30/2016",2016,1,1,27,"shot_no","Pullup Jump shot","3PT Field Goal",25,"Dallas Mavericks",-184,174,11
"Golden State Warriors","3/29/2017",2016,1,0,1,"shot_yes","Pullup Jump shot","2PT Field Goal",19,"San Antonio Spurs",169,106,12
"Golden State Warriors","11/13/2016",2016,2,11,8,"shot_yes","Pullup Jump shot","3PT Field Goal",26,"Phoenix Suns",210,159,13
"Golden State Warriors","3/18/2017",2016,3,4,7,"shot_yes","Pullup Jump shot","2PT Field Goal",17,"Milwaukee Bucks",133,110,32
"Golden State Warriors","3/18/2017",2016,3,10,8,"shot_yes","Pullup Jump shot","2PT Field Goal",21,"Milwaukee Bucks",153,149,26
"Golden State Warriors","3/18/2017",2016,1,4,19,"shot_no","Pullup Jump shot","3PT Field Goal",25,"Milwaukee Bucks",-201,164,8
"Golden State Warriors","3/18/2017",2016,1,5,22,"shot_yes","Pullup Jump shot","2PT Field Goal",11,"Milwaukee Bucks",-25,110,7
"Golden State Warriors","3/18/2017",2016,3,1,45,"shot_no","Pullup Jump shot","3PT Field Goal",23,"Milwaukee Bucks",232,-15,35
"Golden State Warriors","3/29/2017",2016,3,2,1,"shot_yes","Pullup Jump shot","2PT Field Goal",20,"San Antonio Spurs",181,95,34
"Golden State Warriors","12/8/2016",2016,2,8,41,"shot_yes","Putback Dunk Shot","2PT Field Goal",0,"Utah Jazz",0,1,16
"Golden State Warriors","11/19/2016",2016,4,3,39,"shot_yes","Putback Dunk Shot","2PT Field Goal",0,"Milwaukee Bucks",0,1,45
"Golden State Warriors","2/11/2017",2016,1,4,25,"shot_no","Putback Dunk Shot","2PT Field Goal",0,"Oklahoma City Thunder",0,1,8
"Golden State Warriors","3/16/2017",2016,3,5,51,"shot_yes","Putback Dunk Shot","2PT Field Goal",0,"Orlando Magic",0,1,31
"Golden State Warriors","11/18/2016",2016,4,8,25,"shot_yes","Putback Layup Shot","2PT Field Goal",2,"Boston Celtics",-20,7,40
"Golden State Warriors","10/30/2016",2016,4,9,48,"shot_yes","Putback Layup Shot","2PT Field Goal",1,"Phoenix Suns",9,8,39
"Golden State Warriors","2/15/2017",2016,4,9,46,"shot_yes","Putback Layup Shot","2PT Field Goal",1,"Sacramento Kings",0,13,39
"Golden State Warriors","2/4/2017",2016,4,2,35,"shot_yes","Reverse Dunk Shot","2PT Field Goal",0,"Sacramento Kings",0,1,46
"Golden State Warriors","12/7/2016",2016,2,9,53,"shot_yes","Reverse Dunk Shot","2PT Field Goal",2,"Los Angeles Clippers",19,16,15
"Golden State Warriors","2/27/2017",2016,3,0,47,"shot_yes","Reverse Dunk Shot","2PT Field Goal",0,"Philadelphia 76ers",0,1,36
"Golden State Warriors","1/6/2017",2016,2,3,28,"shot_yes","Reverse Dunk Shot","2PT Field Goal",0,"Memphis Grizzlies",0,1,21
"Golden State Warriors","3/14/2017",2016,2,0,37,"shot_no","Reverse Layup Shot","2PT Field Goal",1,"Philadelphia 76ers",-7,8,24
"Golden State Warriors","2/28/2017",2016,2,9,29,"shot_yes","Reverse Layup Shot","2PT Field Goal",2,"Washington Wizards",-19,16,15
"Golden State Warriors","3/16/2017",2016,2,8,3,"shot_yes","Running Alley Oop Dunk Shot","2PT Field Goal",0,"Orlando Magic",0,1,16
"Golden State Warriors","11/23/2016",2016,4,10,2,"shot_yes","Running Alley Oop Dunk Shot","2PT Field Goal",0,"Los Angeles Lakers",0,1,38
"Golden State Warriors","3/24/2017",2016,3,3,28,"shot_yes","Running Dunk Shot","2PT Field Goal",0,"Sacramento Kings",0,1,33
"Golden State Warriors","2/1/2017",2016,1,5,2,"shot_yes","Running Dunk Shot","2PT Field Goal",0,"Charlotte Hornets",0,1,7
"Golden State Warriors","3/26/2017",2016,3,2,8,"shot_yes","Running Dunk Shot","2PT Field Goal",0,"Memphis Grizzlies",0,1,34
"Golden State Warriors","12/1/2016",2016,1,8,50,"shot_yes","Running Dunk Shot","2PT Field Goal",0,"Houston Rockets",0,1,4
"Golden State Warriors","1/20/2017",2016,2,1,28,"shot_yes","Running Dunk Shot","2PT Field Goal",0,"Houston Rockets",0,1,23
"Golden State Warriors","11/16/2016",2016,4,11,6,"shot_yes","Running Dunk Shot","2PT Field Goal",0,"Toronto Raptors",0,1,37
"Golden State Warriors","3/16/2017",2016,3,1,51,"shot_yes","Running Dunk Shot","2PT Field Goal",0,"Orlando Magic",0,1,35
"Golden State Warriors","12/28/2016",2016,1,0,36,"shot_yes","Running Dunk Shot","2PT Field Goal",0,"Toronto Raptors",0,1,12
"Golden State Warriors","3/16/2017",2016,2,9,15,"shot_yes","Running Dunk Shot","2PT Field Goal",0,"Orlando Magic",0,1,15
"Golden State Warriors","3/26/2017",2016,4,1,43,"shot_yes","Running Dunk Shot","2PT Field Goal",0,"Memphis Grizzlies",0,1,47
"Golden State Warriors","3/6/2017",2016,1,3,28,"shot_yes","Running Dunk Shot","2PT Field Goal",0,"Atlanta Hawks",2,2,9
"Golden State Warriors","2/11/2017",2016,1,2,41,"shot_yes","Running Dunk Shot","2PT Field Goal",0,"Oklahoma City Thunder",0,1,10
"Golden State Warriors","2/10/2017",2016,2,0,28,"shot_yes","Running Dunk Shot","2PT Field Goal",0,"Memphis Grizzlies",0,1,24
"Golden State Warriors","3/14/2017",2016,2,8,10,"shot_yes","Running Dunk Shot","2PT Field Goal",0,"Philadelphia 76ers",0,1,16
"Golden State Warriors","2/10/2017",2016,4,4,39,"shot_yes","Running Dunk Shot","2PT Field Goal",0,"Memphis Grizzlies",0,1,44
"Golden State Warriors","3/14/2017",2016,3,7,4,"shot_yes","Running Dunk Shot","2PT Field Goal",0,"Philadelphia 76ers",0,1,29
"Golden State Warriors","12/15/2016",2016,1,4,13,"shot_yes","Running Dunk Shot","2PT Field Goal",0,"New York Knicks",0,1,8
"Golden State Warriors","3/18/2017",2016,3,6,3,"shot_yes","Running Dunk Shot","2PT Field Goal",0,"Milwaukee Bucks",0,1,30
"Golden State Warriors","4/4/2017",2016,1,1,26,"shot_yes","Running Finger Roll Layup Shot","2PT Field Goal",2,"Minnesota Timberwolves",2,21,11
"Golden State Warriors","12/15/2016",2016,2,9,59,"shot_yes","Running Finger Roll Layup Shot","2PT Field Goal",1,"New York Knicks",-11,8,15
"Golden State Warriors","3/2/2017",2016,2,9,25,"shot_yes","Running Jump Shot","2PT Field Goal",3,"Chicago Bulls",-4,31,15
"Golden State Warriors","3/26/2017",2016,2,10,6,"shot_yes","Running Jump Shot","2PT Field Goal",4,"Memphis Grizzlies",1,43,14
"Golden State Warriors","2/23/2017",2016,1,0,54,"shot_yes","Running Layup Shot","2PT Field Goal",1,"Los Angeles Clippers",-14,13,12
"Golden State Warriors","1/16/2017",2016,2,9,27,"shot_yes","Running Layup Shot","2PT Field Goal",2,"Cleveland Cavaliers",-16,16,15
"Golden State Warriors","12/25/2016",2016,4,10,34,"shot_no","Running Layup Shot","2PT Field Goal",1,"Cleveland Cavaliers",14,2,38
"Golden State Warriors","1/29/2017",2016,1,3,54,"shot_no","Running Layup Shot","2PT Field Goal",1,"Portland Trail Blazers",-12,11,9
"Golden State Warriors","1/29/2017",2016,2,11,25,"shot_yes","Running Layup Shot","2PT Field Goal",1,"Portland Trail Blazers",12,-5,13
"Golden State Warriors","11/23/2016",2016,2,2,19,"shot_no","Running Layup Shot","2PT Field Goal",0,"Los Angeles Lakers",-7,3,22
"Golden State Warriors","11/10/2016",2016,1,0,12,"shot_yes","Running Layup Shot","2PT Field Goal",2,"Denver Nuggets",10,23,12
"Golden State Warriors","11/18/2016",2016,1,4,4,"shot_yes","Running Layup Shot","2PT Field Goal",0,"Boston Celtics",4,7,8
"Golden State Warriors","11/3/2016",2016,1,4,42,"shot_no","Running Layup Shot","2PT Field Goal",1,"Oklahoma City Thunder",-4,18,8
"Golden State Warriors","11/28/2016",2016,4,11,11,"shot_yes","Running Layup Shot","2PT Field Goal",0,"Atlanta Hawks",1,7,37
"Golden State Warriors","2/15/2017",2016,2,10,55,"shot_no","Running Layup Shot","2PT Field Goal",1,"Sacramento Kings",9,16,14
"Golden State Warriors","1/4/2017",2016,4,7,9,"shot_no","Running Layup Shot","2PT Field Goal",1,"Portland Trail Blazers",14,13,41
"Golden State Warriors","3/2/2017",2016,1,2,10,"shot_yes","Running Layup Shot","2PT Field Goal",1,"Chicago Bulls",6,11,10
"Golden State Warriors","11/1/2016",2016,3,1,55,"shot_yes","Running Layup Shot","2PT Field Goal",1,"Portland Trail Blazers",12,11,35
"Golden State Warriors","12/5/2016",2016,1,2,45,"shot_yes","Running Layup Shot","2PT Field Goal",2,"Indiana Pacers",20,21,10
"Golden State Warriors","3/31/2017",2016,4,7,7,"shot_yes","Running Layup Shot","2PT Field Goal",2,"Houston Rockets",-6,23,41
"Golden State Warriors","11/1/2016",2016,2,1,0,"shot_yes","Running Layup Shot","2PT Field Goal",1,"Portland Trail Blazers",19,0,23
"Golden State Warriors","3/24/2017",2016,1,0,58,"shot_yes","Running Layup Shot","2PT Field Goal",1,"Sacramento Kings",0,16,12
"Golden State Warriors","3/14/2017",2016,3,4,5,"shot_no","Running Layup Shot","2PT Field Goal",1,"Philadelphia 76ers",0,11,32
"Golden State Warriors","3/24/2017",2016,3,0,37,"shot_yes","Running Reverse Dunk Shot","2PT Field Goal",0,"Sacramento Kings",0,1,36
"Golden State Warriors","3/16/2017",2016,3,4,39,"shot_yes","Running Reverse Layup Shot","2PT Field Goal",1,"Orlando Magic",-1,16,32
"Golden State Warriors","2/1/2017",2016,4,5,31,"shot_yes","Running Reverse Layup Shot","2PT Field Goal",2,"Charlotte Hornets",-1,23,43
"Golden State Warriors","3/14/2017",2016,4,7,11,"shot_no","Running Reverse Layup Shot","2PT Field Goal",1,"Philadelphia 76ers",-11,16,41
"Golden State Warriors","12/20/2016",2016,4,7,32,"shot_no","Running Reverse Layup Shot","2PT Field Goal",1,"Utah Jazz",17,3,41
"Golden State Warriors","4/4/2017",2016,3,3,46,"shot_yes","Running Reverse Layup Shot","2PT Field Goal",1,"Minnesota Timberwolves",4,13,33
"Golden State Warriors","2/2/2017",2016,4,9,48,"shot_yes","Running Reverse Layup Shot","2PT Field Goal",1,"Los Angeles Clippers",9,13,39
"Golden State Warriors","3/14/2017",2016,2,10,14,"shot_no","Step Back Jump shot","2PT Field Goal",9,"Philadelphia 76ers",1,90,14
"Golden State Warriors","3/18/2017",2016,1,7,52,"shot_no","Step Back Jump shot","2PT Field Goal",16,"Milwaukee Bucks",-158,52,5
"Golden State Warriors","3/28/2017",2016,3,6,9,"shot_no","Step Back Jump shot","2PT Field Goal",18,"Houston Rockets",-181,41,30
"Golden State Warriors","2/2/2017",2016,3,1,24,"shot_no","Tip Dunk Shot","2PT Field Goal",0,"Los Angeles Clippers",0,1,35
"Golden State Warriors","3/31/2017",2016,3,4,12,"shot_yes","Tip Layup Shot","2PT Field Goal",1,"Houston Rockets",4,11,32
"Golden State Warriors","1/25/2017",2016,2,3,14,"shot_yes","Tip Layup Shot","2PT Field Goal",0,"Charlotte Hornets",1,2,21
"Golden State Warriors","11/10/2016",2016,3,1,9,"shot_no","Turnaround Fadeaway shot","2PT Field Goal",16,"Denver Nuggets",-168,2,35
"Golden State Warriors","3/28/2017",2016,1,0,45,"shot_yes","Turnaround Fadeaway shot","2PT Field Goal",11,"Houston Rockets",89,77,12
"Golden State Warriors","11/25/2016",2016,3,3,22,"shot_no","Turnaround Fadeaway shot","2PT Field Goal",11,"Los Angeles Lakers",0,119,33
"Golden State Warriors","1/4/2017",2016,3,0,54,"shot_yes","Turnaround Fadeaway shot","2PT Field Goal",16,"Portland Trail Blazers",-168,16,36
"Golden State Warriors","12/20/2016",2016,1,0,0,"shot_no","Turnaround Hook Shot","2PT Field Goal",3,"Utah Jazz",-7,33,12
"Golden State Warriors","1/18/2017",2016,4,7,30,"shot_no","Turnaround Hook Shot","2PT Field Goal",4,"Oklahoma City Thunder",-7,47,41
"Golden State Warriors","2/2/2017",2016,2,11,40,"shot_no","Turnaround Jump Shot","2PT Field Goal",10,"Los Angeles Clippers",-38,95,13
"Golden State Warriors","1/18/2017",2016,4,10,41,"shot_yes","Turnaround Jump Shot","2PT Field Goal",3,"Oklahoma City Thunder",20,26,38
"Golden State Warriors","11/1/2016",2016,3,2,23,"shot_yes","Turnaround Jump Shot","2PT Field Goal",21,"Portland Trail Blazers",-212,-16,34
"Golden State Warriors","3/26/2017",2016,2,2,38,"shot_yes","Turnaround Jump Shot","2PT Field Goal",8,"Memphis Grizzlies",0,85,22
"Golden State Warriors","11/19/2016",2016,1,2,7,"shot_yes","Turnaround Jump Shot","2PT Field Goal",18,"Milwaukee Bucks",181,-19,10
